Last_Name,First_Name
Abbate,Hazel
Abberley,Gayle
Abbett,Alanna
Abrashkov,Del
Acom,Nikki
Afield,Lurlene
Agate,Hermy
Agiolfinger,Ludvig
Aird,Mandy
Akram,Vincent
Alderwick,Goldy
Aldus,Nadia
Alesi,Rochell
Algar,Flossi
Allain,Papageno
Allawy,Alexandro
Allmond,Juana
Alred,Helen
Amar,Dacia
Ander,Roxy
Angear,Currey
Anselmi,Augusto
Antham,Nancy
Anthoney,Brina
Antonov,Ana
Antoshin,Nathan
Antrack,Ettore
Antuk,Kiele
Ardy,Delphine
Arents,Jamil
Arger,Joel
Arghent,Mathilde
Argont,Ruthann
Arias,Nil
Artis,Alice
Artois,Maryrose
Artrick,Shanon
Aslott,Isiahi
Aspinell,Arther
Athersmith,Evangelin
Attenborough,Barry
Attrie,Ethelind
Augur,Deck
Aurelius,Harman
Avramovitz,Odey
Aymeric,Parke
Baccup,Petunia
Bahde,Maryanne
Bailes,Krissy
Balk,Hirsch
Ballinghall,Sashenka
Bannard,Marin
Baptista,Celia
Barriball,Christina
Barter,Melloney
Bartoszewski,Hans
Bartrum,Lurlene
Bastide,Marley
Baumaier,Eden
Baus,Zelma
Bazek,Nickey
Bazoche,Gregory
Bear,Noland
Beasant,Thaddus
Beatty,Frannie
Bebbington,Reid
Bebbington,Suzanne
Behan,Barby
Bellefant,Kristian
Bellenger,Ward
Beller,Tamera
Belverstone,Brodie
Belvin,Vern
Benedit,Brit
Benettelli,Irene
Benjafield,Trista
Beric,Agna
Bernardeau,Berti
Bernardotte,Goldia
Bernhard,Dougie
Bertin,Gilbert
Bertwistle,Rosaleen
Besnardeau,Deonne
Beteriss,Ardelia
Betjes,Paula
Beviss,Bree
Bickerdyke,Mike
Bielfeldt,Wylma
Bilbee,Beilul
Biles,Mill
Bilfoot,Corina
Bille,Clarie
Bilofsky,Jessie
Birtley,Iseabal
Bispham,Natala
Bitterton,Randene
Bitterton,Marie-jeanne
Blanket,Candida
Blazey,Torr
Blenkhorn,Halli
Blowne,Lucias
Blunsum,Glenna
Bodell,Catharina
Bodiam,Cherlyn
Bogey,Timofei
Bohills,Kurtis
Bolver,Sallee
Bolwell,Gris
Bonaire,Pebrook
Boner,Rebecka
Bonicelli,Shellie
Boots,Simone
Bootyman,Alidia
Bore,Drake
Bosse,Codi
Bourgour,Lorette
Bouttell,Hedwig
Boxall,Caz
Bracco,Garrik
Brader,Corie
Bradford,Kelsy
Bradnock,Nathanil
Brakespear,Gage
Brakewell,Garald
Bramwich,Miran
Branwhite,Costa
Braunes,Bethany
Breache,Gates
Breagan,Abelard
Brecknall,Raphaela
Breedy,Rosanna
Bretherick,Ardith
Bricknell,Elmira
Briddock,Caroljean
Brigge,Eolanda
Bringloe,Max
Bristoe,Elia
Britch,Ernestus
Brixey,Burgess
Broadhurst,Aristotle
Brookhouse,Tanner
Brookz,Tim
Brosnan,Cobby
Browett,Libbey
Brundrett,Olive
Brushneen,Geralda
Bryan,Lenci
Btham,Darryl
Buie,Brittaney
Bultitude,Birgit
Buntain,Griffith
Burgis,Penn
Burkinshaw,Darrell
Burkwood,Dame
Bury,Keenan
Buske,Carolus
Busst,Morgana
Byrd,Nickie
Cadany,Vite
Cadigan,Ailis
Cairney,Hernando
Calderonello,Graham
Camerana,Georgia
Cameron,Thebault
Caple,Claudian
Capnerhurst,Cosme
Carncross,Pascal
Carsey,Uriah
Cartmell,Liliane
Carver,Lemar
Casarino,Bar
Caslett,Alison
Cassells,Dorothee
Castano,Prue
Caudrey,Abbe
Cavil,Cammy
Cawood,Shel
Cayton,Wilow
Chalfont,Leonard
Chappelle,Reinhold
Chartman,Willi
Chartre,Blythe
Chasle,Isidor
Cheasman,Edyth
Cheeke,Dominique
Cheevers,Gina
Chesley,Lotty
China,Evvy
Chinnock,Orville
Chmarny,Theresita
Cholonin,Gwenore
Cicchetto,Kasper
Clamp,Tyne
Clashe,Mercy
Clemo,Winni
Clench,Alicia
Cleveley,Trula
Cliss,Davide
Clougher,Horacio
Clougher,Emmalee
Clouston,Jaimie
Clow,Ludovika
Clyde,Lucinda
Coatsworth,Aimil
Cockarill,Harlen
Cockerton,Betteanne
Coiley,Abramo
Colbert,Germaine
Colebeck,Cherice
Collabine,Orly
Collelton,Zacharie
Collete,Almira
Collyer,Stanford
Comber,Melodie
Commings,Banky
Conford,Galina
Confort,Elnar
Confort,Danni
Conklin,Marven
Connick,Wolfgang
Considine,Cecile
Copperwaite,Walliw
Corzor,Melessa
Cosely,Cathryn
Cossam,Chandler
Cosstick,Merci
Cottle,Tove
Cousens,Pam
Covelle,Wainwright
Crayker,Harry
Cready,Kimberlee
Cream,Mychal
Cremins,Rowland
Crenage,Marj
Cressor,Ignatius
Cridge,Graig
Criple,Almeta
Cristobal,Elfrida
Cristofolo,Nell
Crittal,Launce
Cruickshanks,Chelsea
Crystal,Brittney
Cunradi,Devondra
Curedell,Inger
Da Costa,Sheelagh
Daglish,Hilarius
Daice,Neila
Danbrook,Lizzie
Dannohl,Merilee
Darco,Vivianne
Dargue,Tera
Darinton,Jennette
Darton,Felice
Daulby,Winfred
Davidzon,Kincaid
Davys,Gilemette
Dawby,Hatty
Dawidowitsch,Mellie
De Ruggiero,Marylinda
Deeks,Emmaline
Delaprelle,Mitchell
Demead,Hendrika
Dennington,Arluene
Denzilow,Terrill
Derisly,Kienan
Dewdney,Kim
Dewsbury,Isidoro
Dibsdale,Chrissy
Dillestone,Blake
Dimitriou,Leslie
Ditch,Carrie
Docker,Olly
Dods,Marney
Dodsley,Mamie
Doggrell,Olly
Dolman,Gabrila
Domanek,Moshe
Domb,Mable
Dominique,Hartley
Donhardt,Florence
Doog,Minor
Dossettor,Kiley
Doulton,Eve
Dove,Wendye
Dows,Henry
Doyle,Dal
Dresse,Merrie
Drewes,Kory
Drexel,Michele
Dreye,Garik
Dring,Marrilee
Drogan,Skipton
Druitt,Rory
Duffell,Chrissy
Dulling,Bronnie
Dumberell,Julius
Dunbabin,Gae
Dungee,Walt
Dunican,Frayda
Dunkerly,Hedwig
Dunrige,Alford
Dupree,Willetta
Durbann,Alessandro
Dyers,Lolly
Dysert,Lloyd
Dysert,Candide
Earlam,Sharlene
Earney,Hubey
Eaton,Barnaby
Ebbetts,Hogan
Ebbrell,Vanya
Ecles,Anallise
Edgerly,Kaitlyn
Edmondson,Thomasa
Eicke,Kerwin
Elden,Dee
Emmines,Sloan
Emsden,Zaria
Emtage,Cullan
Ennor,Isaac
Enns,Madelena
Enoch,Cordi
Escalero,Amalia
Esler,Nan
Evenett,Lauritz
Evers,Kingston
Eversfield,Willy
Ewers,Wallache
Exeter,Stefano
Eyres,Theodore
Fairpool,Electra
Falkous,Gert
Fantini,Bendick
Farrand,Wenona
Farre,Maurise
Fattorini,Clemens
Feare,Stefano
Featherstone,Terrijo
Feek,Ibby
Feldmann,Ola
Feldmus,Loreen
Fellos,Price
Fer,Kiri
Ferenc,Estel
Ferrero,Rodolph
Fibbit,Jasun
Fidge,Aaron
Figgess,Elita
Filippozzi,Diane-marie
Fillan,Marjorie
Finneran,Paolina
Firks,Arron
FitzGibbon,Anders
Fitzharris,Nicolle
Fivey,Olive
Fockes,Kendricks
Fogel,Aubry
Franklen,Gannie
Frowen,Caddric
Frusher,Dianna
Full,Aurel
Fullalove,Charmian
Furminger,Gwenette
Fyfe,Kristoffer
Fynn,Estele
Gallard,Masha
Galway,Hermy
Garlic,Suzette
Garlick,Devinne
Garlinge,Rosette
Garvagh,Christabella
Gasnell,Lara
Gatecliff,Kylie
Gayforth,Georgeta
Gebbie,Henrietta
Geely,Emelyne
Gellert,Margeaux
Gethins,Natassia
Giacobo,Harlie
Gianinotti,Rancell
Gibbings,Darlene
Gierhard,Dasi
Gierhard,Leese
Gillam,Tania
Gillicuddy,Napoleon
Gillivrie,Biddy
Gimenez,Tades
Girodin,Arlen
Gladman,Stevie
Glazebrook,Knox
Gleadle,Abramo
Gleed,Audrie
Godfery,Bancroft
Godleman,Ardene
Godly,Armin
Godrich,Valerye
Goldby,Josie
Goldwater,Wilfred
Golsby,Alane
Goodby,Angelina
Goodlip,Isadora
Gosnall,Ritchie
Gossage,Helenelizabeth
Graffham,Imogen
Gravatt,Lyell
Greenshields,Regine
Greenshields,Starlin
Grouvel,Gratiana
Grube,Bee
Gruczka,Barnard
Gruszka,Winny
Grzegorzewicz,Malvin
Grzelczyk,Ferrell
Guiduzzi,Grange
Guirau,Fedora
Guisby,Mohammed
Gulston,Coral
Gunston,Gerald
Gurnett,Devon
Gyles,Vale
Hacon,Kevon
Hacquoil,Melissa
Hagan,Arlana
Halladey,Vera
Hambleton,Dan
Handover,Emmaline
Hannant,Chiquia
Hanscomb,Kirk
Hansel,Annabelle
Hansford,Niall
Hardin,Andris
Hardway,Berkley
Harling,Jeniece
Harsent,Roxane
Haselgrove,Helena
Haskins,Brandi
Haugen,Felizio
Haveline,Balduin
Heaney,Rockwell
Heaney`,Parker
Heinle,Amy
Heinsh,Hal
Helks,Trula
Herrero,Sibyl
Heskey,Hunter
Hess,Evelina
Hexum,Justinn
Holdall,Ly
Hollingsby,Milzie
Holywell,Debor
Hubber,Ursuline
Huckell,Bayard
Huckerbe,Sunshine
Huey,Alyce
Humblestone,Olivette
Hundal,Winn
Hunton,Isak
Huortic,Isabel
Hurling,Adolph
Hurll,Belicia
Hussell,Vivian
Huyton,Morty
Hyde-Chambers,Helen-elizabeth
Iacivelli,Vicki
Ilem,Magda
Ingledow,Marius
Ings,Abbe
Irvin,Greg
Issacson,Janine
Ivamy,Tracie
Ivanaev,Carolin
Ivankin,Otis
Ivashkin,Andrey
Izakovitz,Audre
Jaggli,Colas
Jahnel,Goldy
Jamieson,Roch
Jansens,Judy
Jeacop,Pierrette
Jedraszek,Karylin
Jedrzaszkiewicz,Ulric
Jemmett,Farris
Jent,Chicky
Jerrems,Isa
Jickles,Lewes
Jillins,Winthrop
Jime,Dominica
Jobling,Edlin
Joincey,Brandais
Josefer,Ashil
Josipovitz,Brocky
Jowling,Ingram
Jurkiewicz,Tull
Kacheler,Crissy
Kapelhof,Artemas
Karlmann,Cherye
Kasper,Walliw
Kaysor,Kath
Kearney,Daffie
Keiley,Robena
Kennedy,Zachary
Kerans,Abbye
Kerner,Saraann
Keston,Justine
Keyzman,Brenden
Kief,Esme
Kiefer,Rae
Kinnett,Trevar
Kira,Hailee
Kirkbride,Dilly
Kirkhouse,Addison
Kirman,Valentine
Kirvin,Dwayne
Kitchiner,Ab
Kleinber,Booth
Kleiner,Anica
Klosa,Morley
Klugman,Sophey
Kluss,Horatio
Kmieciak,Emmalee
Knapper,Salvador
Kneeland,Nelie
Kobierra,Rachel
Kopke,Carmen
Krollman,Enrika
Krzyzowski,Jacquette
Kubczak,Chane
Kuhnke,Johnny
Kurdani,Etheline
Kuscha,Jere
Kynton,Ephrem
Labarre,Reagan
Labone,Rachele
Lafford,Elwin
Laker,Temple
Langdon,Kiel
Langfat,Claudette
Langstone,Selene
Lankester,Theo
Lantiffe,Tommy
Larking,Deirdre
Lashford,Orran
Latchmore,Marc
Latek,Kristine
Laweles,Vyky
Lawrenson,Raimondo
Laxon,Libbie
Leadstone,Rosina
Leaning,Ellen
Leathes,Shellie
Lebell,Flss
Lechelle,Rex
Ledgeway,Broderic
Leech,Yvette
Legerton,Theodore
Legon,Michaela
Le-Good,Keely
Leonard,Nico
Lepard,Andrea
Lerer,Eamon
Lewcock,Gates
Leyninye,Henka
Liggons,Beth
Lightfoot,Candi
Lillistone,Anatola
Linay,Angelita
Lines,Colby
Livens,Prentice
Livesley,Diane
Llopis,Olia
Lobb,Siward
Longthorne,Mitchael
Lovelace,Davin
Lowerson,Gabey
Ludy,Zak
Lukianovich,Dwayne
Luparti,Sibella
Lurner,Dode
Lynch,Candis
MacAughtrie,Candice
MacCallam,Cross
MacColl,Consalve
MacDwyer,Prudi
MacEllen,Shel
Maceur,Curran
MacGowan,Constance
Mackilpatrick,Ella
MacLleese,Malory
MacNeachtain,Blondelle
MacNeice,Meredith
MacNeilley,Harman
Maffi,Brewer
Manlow,Farr
Manssuer,Gregg
Mantrip,Oran
Manuely,Marnia
Marikhin,Larisa
Marin,Irvine
Markus,Jena
Marle,Kellia
Marquez,Jeffy
Martinelli,Connor
Martinet,Giffard
Martinovsky,Elton
Matchett,Malanie
Mateuszczyk,Edvard
Mathis,Gusty
Mathouse,Cull
Mattke,Kelcy
Matuska,Jaime
Matzel,Norah
May,Olenka
Mayne,Laetitia
McCarly,Georgia
McClarence,Town
McClinton,Lorna
McCracken,Kaspar
McCurlye,Christie
McDaid,Wyn
McDonagh,Mellicent
McGaffey,Crawford
McGibbon,Abel
McGrann,Annabell
McIndoe,Darya
McKeevers,Elsworth
McKennan,Cleveland
McLelland,Rodolph
McMeekin,Elwin
McMorran,Malinda
McNicol,Kissee
McQuilty,Penny
McRae,Sarene
McWilliams,Morissa
Mehaffey,Orton
Meier,Madeline
Melbert,Aluino
Melmore,Rubetta
Meneur,Rollins
Mennell,Fredrick
Middlemist,Benjamin
Mingauld,Ara
Minney,Mariel
Mogridge,Hartley
Monteath,Berke
Moral,Ilsa
Morch,Rebekah
Morsley,Fabio
Mosey,Berky
Muge,Zane
Mulkerrins,Pia
Mumby,Perkin
Munt,Luelle
Mushrow,Zaria
Muspratt,Dieter
Mustill,Mireille
Nason,Jasmine
Neenan,Stacie
Neighbour,Evelina
Nieass,Cherry
Niemetz,Quintilla
Niesegen,Joscelin
Noe,Justus
Noir,Elnar
Nore,Tiebout
Noseworthy,Brigid
Nurny,Ranna
Nutting,Eddy
O' Cuolahan,Laurene
Oblein,Codie
O'Donnelly,Shelba
O'Dougherty,Nancie
O'Downe,Kelli
O'Fallone,Josias
O'Grady,Patton
Olechnowicz,Ora
O'Mohun,Benjamen
Orgee,Stephen
Orred,Leonhard
Orringe,Cobbie
Orrock,Kayla
Orthmann,Ginevra
Ortsmann,Leah
O'Scandall,Benni
Oulett,Gareth
Ovenell,Kelsy
Ovett,Erv
Paddock,Cherise
Palay,Cherice
Panas,Bren
Parcell,Rance
Parkhouse,Pauly
Parlott,Malia
Parres,Somerset
Parsley,Brett
Paske,Ardra
Passey,Dedra
Patman,Zackariah
Patty,Ivar
Pauer,Elisha
Pauling,Jeffry
Pavelin,Lenard
Peachey,Vladamir
Pegg,Marisa
Pellant,Bettye
Pendre,Peter
Pendrill,Tansy
Penquet,Giffy
Penton,Gilligan
Penvarden,Denis
Percifull,Abran
Pesak,Minni
Petch,Xymenes
Petrie,Leonore
Pettifor,Blanch
Pettingall,Antone
Pettus,Malina
Pfaffe,Bentlee
Pfaffel,Anjela
Philbrick,Tymothy
Phuprate,Jeanine
Pieracci,Cathy
Pietroni,Sophie
Pinchbeck,Kerry
Pineaux,Ivor
Pinkney,Blondelle
Pittet,Rabbi
Plane,Keeley
Pley,Kathryn
Plover,Tatiania
Plumptre,Dory
Plumridge,Janel
Pluvier,Alane
Poacher,Florian
Poff,Bear
Poland,Clo
Polglase,Mora
Pontefract,Clemmy
Poon,Cassi
Posnette,Kaine
Poupard,Patricia
Prayer,Teri
Precious,Mindy
Prestie,Corny
Priest,Stella
Primak,Jane
Proppers,Cello
Prowse,Bernette
Puleque,Christalle
Pullar,Kelbee
Pulster,Garey
Purviss,Graham
Pyner,Rurik
Quantick,Giulio
Quinnette,Roshelle
Radage,Marj
Raiker,Ansel
Raithbie,Victoria
Rao,Raymund
Rathbone,Henrieta
Rathbone,Gertrude
Ratie,Kim
Ratter,Loria
Raulin,Ester
Raund,Floyd
Rawson,Licha
Rebichon,Nannie
Reddick,Hamil
Redgrove,Abra
Redwing,Brear
Reedie,Kessia
Reid,Lise
Reidshaw,Lara
Remirez,Bethina
Renols,Tasha
Revett,Zacharias
Ricardon,Cthrine
Ricciardo,Sutherland
Ricold,Val
Riddles,Millicent
Ridolfi,Reese
Rigardeau,Fletcher
Rizzo,Silvanus
Robbe,Etty
Robe,Dawna
Roddy,Mackenzie
Roglieri,Meta
Rohlf,Hetty
Rontree,Clarice
Rosberg,Clair
Roscow,Giselbert
Rosenberger,Angie
Rosenblad,Glenna
Rougier,Torry
Rudham,Borg
Ruf,Boniface
Ruger,Antonella
Runnacles,Chic
Ruos,Redford
Ruperto,Inna
Rushbrook,Roderigo
Ruslinge,Heidie
Rylance,Reena
Sabbins,Waylon
Sach,Selig
Saddler,Barbette
Sainsbury,Lydon
Salerg,Harlen
Sand,Ambrosi
Sapson,Evangelina
Saunt,Glynda
Scatcher,Avis
Schaumaker,Hansiain
Scheffler,Pen
Schoenrock,Riki
Scholtz,Jayme
Scneider,Holli
Scowcroft,Sloan
Scudders,Beverlie
Scullion,Sheffield
Seely,Correy
Seer,Carmine
Seggie,Cornela
Selburn,Fergus
Sellars,Karl
Senechell,Calv
Serraillier,Jacinta
Setter,Melania
Sewart,Andromache
Shafto,Maximilian
Shardlow,Crissie
Shewery,Heddi
Shewry,Lynnelle
Shimmans,Goober
Shingler,Frederik
Shinn,Heywood
Shrimpling,Doretta
Shurmore,Zacharias
Shuxsmith,Kalle
Sibbe,Evangelin
Sidnell,Brew
Siggins,Calla
Silkston,Gillie
Silvermann,Avie
Simao,Emalia
Simmins,Blisse
Skillman,Jaime
Skippon,Odille
Slimme,Rozella
Smewings,Leeanne
Snar,Teresa
Snoden,Celeste
Soeiro,Judie
Soffe,Corabella
Soltan,Viola
Sorensen,Aldus
Sothcott,Kelley
Souster,Conrado
Southorn,Kare
Spain,Nataline
Sparshutt,Bud
Speedin,Rae
Spragge,Letisha
Springham,Gabriel
Spurrier,Staci
Stadden,Waverley
Staneland,Christy
Stapley,Fran
Start,Mason
Stemp,Alfonse
Steutly,Dante
Stillman,Nathanael
Stimson,Cullie
Stirzaker,Fax
Stockley,Lucien
Stollen,Thibaut
Stoner,Felic
Storah,Cynthie
Storrier,Devlin
Stowell,Zebulen
Stranger,Salvidor
Strapp,Elvira
Streader,Kial
Streatfeild,Tabby
Strognell,Antonius
Strut,Waiter
Sture,Marna
Sudy,Ewart
Summerbell,Aileen
Surplice,Tisha
Sutherden,Ashlan
Swalwell,Shayne
Swigg,Charis
Swire,Menard
Syer,Coralie
Sygrove,Magnum
Taborre,Wilmette
Tamburi,Katinka
Tanner,Joseito
Tebbit,Zachariah
Tench,Marcile
Tennick,Oona
Teodori,Rudie
Thacker,Lani
Thirkettle,Johan
Thomsson,Aldric
Thorius,Ernie
Thring,Janos
Throssell,Cherianne
Tidder,Kelly
Tiptaft,Jeannette
Tipton,Aldin
Titcombe,Yanaton
Tithacott,Audra
Tithacott,Catina
Titterell,Giustina
Todd,Wilhelmina
Tommei,Gill
Topes,Tamra
Toten,Nelson
Tothacot,Alix
Towersey,Rustie
Trahear,Jessy
Trathan,Ottilie
Treacy,Agathe
Tregenza,Cash
Trevaskiss,Saundra
Trower,Victor
Truluck,Ina
Trumper,Darwin
Trundell,Hugh
Trytsman,Chastity
Tuminini,Lorelle
Turk,Gunilla
Tutchings,Franciska
Tuxill,Sapphira
Twamley,Man
Twiggins,Amii
Tyght,Porter
Tyhurst,Faber
Tythe,Elvera
Ungerechts,Maximo
Utton,Dagmar
Vairow,Lara
Vakhrushev,Turner
Van den Bosch,Atlanta
Vanyushkin,Angelia
Varne,Stephenie
Vassall,Myrwyn
Vaudre,Charil
Vedenyapin,Lana
Venners,Quill
Vercruysse,Geoffrey
Verey,Gibby
Vinck,Wiatt
Von Helmholtz,Crista
Vondrasek,Rois
Vuitte,Jo
Waghorne,Clare
Waistell,Suellen
Wardhough,Sayer
Wash,Micky
Waterhowse,Umberto
Waterman,Elbertina
Weare,Windham
Wegenen,Reilly
Wehden,Joseph
Wessel,Lucias
Whatson,Barthel
Whiles,Arel
Whitsun,Lyndsay
Wiffield,Loy
Willeman,Frankie
Williams,Lowe
Williamson,Douglass
Wimsett,Cherida
Wincom,Richie
Winterbourne,Rudie
Winters,Melisande
Wisby,Norman
Withur,Byrann
Wong,Jessalyn
Woodard,Kate
Woodburne,Eilis
Woodnutt,Dee
Woodsford,Kile
Woofenden,Colette
Work,Quintus
Worledge,Natividad
Worsell,Casar
Worton,Bert
Wreiford,Catriona
Wroath,Starla
Wulfinger,Lucius
Yakunkin,Erin
Yearsley,Stu
Younie,Roch
Zanneli,Theodosia
Zanuciolii,Loni
Zapata,Howard
Ziebart,Elsa
